,,,
,Company Name,Company Representative,Title
,01Fintech,Jasmine Jiang,Vice President
,3DNA Technology,Dennis G Zelazowski,Founding Partner
,abc FinReg (Hong Kong) Limited,MAF wong,Manager
,AccuGrowth Investment,Jessie Huang,Managing Director
,ACH Worldwide Limited,Kyle Wong,Project Director
,Achelous Pure Metal Company Limited,Shawn Cheng,Co-Founder
,Actially Consulting GmbH,Daniel Schmidt,Managing Director
,Activation Group,Colin Lam,"Operation Director, Co-Founder"
,Activation Group,Ricky Phoon,Managing director
,Aden Financial Holdings,Anthony Tsao,CIO
,Aegis Prime Company Limited,Oliver Ng,CEO
,Aereve Company Limited,Andre Leung,Cofounder & CEO
,AEX Markets,Jeff Huang,Founder & CEO
,AEX markets,Sam Greenwood,Chief of Staff
,Afro Digital Communications U Ltd,Richard Mukasa,Managing Partner
,AIA International Limited,KEER HU,Senior wealth management manager
,AIFT,Yiheng Yang,"Hong Kong, China (Hong Kong)"
,AIFT Ltd,Nigel Yip,Deputy CFO
,Airdefender International Company Limited,Albert Wong,CEO
,Akedi and Olalo Advocates,Samuel Olalo,Partner
,Alcolear Limited,Jonathan Ross,VP
,AlgoOne,Jason NG,Director
,Alibaba Entrepreneurs Fund,Jack Chung,Manager
,Allied Sustainability and Environmental Consultants Group Limited,Dennis Wu,Chief Executive Officer and Executive Director
,ALLNER,Thilo Allner,Managing Director
,Alpha AI,Desmond Ho,CEO
,Alpha Asset Management (HK) Limited,Napoleon Lau,"Hong Kong, China"
,Alphalion Technology Limited,Anna Shen,Director of Sales and Marketing
,Ambit Asset Management,Dipti Mehta,Director - Offshore sales
,AML Holdings Ltd.,Kin Lun Mok,Chairman
,Amplifair Ltd.,Bar Tsoury,CEO
,Anchor leg technology,Khalid AlAraimi,Founder & CEO
,Ancora Equity Partners,Aaron Yang,CEO
,Andis Partners,Sean Jeon,CEO
,Angel Talks,Vladislav Gavriluk,Sales Director
,AngelHub,Jo Chan,"Vice President, Investor Relations"
,"Anglo Chinese Corporate Finance, Limited",Yanny Chu,"Central, China (Hong Kong)"
,Anlyvis Limited,Norman Lam,Co-founder & CEO
,Antai Securities Limited 安泰证券,Dave LAU,Managing Director
,apex capital,km fung,senior investment manager
,ApexCarbon Limited,Ricky Lau,Director
,Applied Technology Group Limited,Chi Man Lam,CEO
,April Labs Inc.,Ricardo (Lando) Brown,CEO & Founder
,Arbor,Ki Sum Cheng,"CEO, Co-Founder"
,Arcadia Asia Fund,Joseph Zeng,Chairman & CIO
,Arkstons Advisory WLL,Binesh Balan,Managing Director
,Arta techfin,Henan Huang,Managing director
,Artist Heart Limited,LOK PUI SO,CO-FOUNDER
,Artitech AIGC HK Limited,carrie lee,Co-Funder &CMO
,ArtWise,Grace Lau,Founder & CEO
,ArtWise,Olivier Demblum,Co-Founder
,Asia Carbon Institute,Eric Lee,Manager
,Asia Carbon Institute,Jiaqi ZHAO,Consultant
,Asia Europe Investment Partners,Johannes Diaa,Managing Director
,Asia Pacific RIM Limited,Billy Kan,Investment Officer
,Asiabots Limited,Ming Ho,Senior Marketing Executive
,Asofium GmbH,Jana Rubin,CEO
,Association of Family Office in Asia,Louis Poon,Executive Vice Chairman
,Australian Trade & Investment Commission (Austrade),Catherine Dai,Trade & Investment Director
,AutoML Plus Limited,Rebecca Lim,Director
,Autowise.ai,Melody Xu,Head of Overseas Financing and Investments
,Avantagents,JEAN-BAPTISTE DEAL,DIRECTOR
,AVENUE ASSET MANAGEMENT,KOH choy,MANAGER
,Axano Ventures Ltd,Colin Sanders,Strategic Advisor
,Balfour Capital Group,Vikram Srivastava,Investor Relations Manager
,Bank of Communication Hong Kong,Steve Chau,Relationship Manager
,Bank of Communications Co Ltd Hong Kong Branch,Rocky Shek,Chief Relationship Manager
,Base Capital Proprietary Limited,Rory Osterloh,Managing Director
,Be One Family Office Limited,Ho Lun Leung,"Hong Kong SAR, China (Hong Kong)"
,BeeFintech Company Limited,Johnson Leung,CFO
,BeeFlo Botanic,Wing Wing Yeung,Ecopreneur
,Beijing Tong Ren Tang Chinese Medicine Company Limited,Sarah Hou,investment Executive
,B-Engineering & Consulting UG,Eric Bonsou,Managing Director of B-Engineering  Consulting UG
,Bestech Clean Energy,Alex Au,General Manager
,Better Futures,Joyce W,Director
,Better World,JooYoung Lim,CEO
,Beyond Ventures,SHUANG HU,Venture Partner
,Big Bang Academy,Shin Yee Tong,Co-Founder
,Biomed Technology Holdings Limited,Claudia Lo,Investor Relations Manager
,Biptap,Jonathan Lo,CEO and Founder
,Bird & Bird,David CHENG,Partner
,Bison Group,Yufeng Chen,Adviser
,Bisonai Pte. Ltd.,Taegoo Kim,CEO
,"Bitkub Capital Group Holdings Co., Ltd.",Jirayut (Topp) Srupsrisopa,Founder and Group CEO
,Blocklogica Labs,Asal Alizade,Co-founder & CEO
,Blue Ocean Capital Group,Frank Yang,Founding Partner & CEO
,Blue Sky Energy Technology Ltd,Christina Tang,Director
,BlueCrow Capital,BlueCrow Capital,"Lisbon, Portugal"
,BlueMind,Akil Balachandran,Founder and CEO
,BlueMount Capital (Qld) Pty Ltd,Flora Mok,"Director, M&A"
,BlueOnion Limited,Elsa Pau,Group CEO
,BMS Group,Martijn de Lange,Managing Director
,BNP,Jonathan Chiu,VP
,Boehringer Ingelheim Venture Fund,Mia Hu,Investment Director
,Bolt Battery & Bolt Energy,Simon Hui,Director
,Brdgx,Donald Chan,Director
,Bridgewise Analytics Ltd.,Gibby T. Wildeman,Business Development Manager
,Brilliant Energy Solution Technology Ltd.,Daniel Liu,Founder
,Brinc Venture Capital,Guillermo Ginesta,Managing Director
,Bristol Capital Limited,Kenny Lee,CEO
,Bull Capital Limited,David Huang,Partner
,BVMW e.V.,Shan (Susan) Xu,"Frankfurt am Main, Germany"
,BWSea Technology,Polly Ng,Founder and CEO
,Cachet Asset Management,Jeff Ng,Associate
,Cachet Group,Angela Chow,CEO
,Camloy International Limited,Nixon Chung,Managing Director
,Canadia Bank,Sophea Chheang,Heard of Consumer Banking
,Cannon Asset Managers,Deshan Naidoo,Executive Chairman
,Cannon Assets Managers,Tshepo Modiba,Chief Investment Officer
,Canopy Pte. Ltd.,Mu Chen,Chief Executive Officer
,Canpanion Group,Christine Tsui,"Co-Founder, CEO"
,Canpanion Group Limited,Queenie Ng,Co-founder
,Canthevac Limited,Thrimendra Dissanayake,Head of Growth
,Capital Market Authority Saudi Arabia,Abdalrhman Alawad,"Riyadh, Saudi Arabia"
,CAPRiser Group,Marc Ng,CEO
,CARAGE SDN BHD,Michael Aw,Director
,CARBON10B X Limited,Ulf Henning Richter,CEO
,CarePros,Charles Wong,CEO
,Casa de Comunicacion,Demi HUANG,Global Expansion Partner
,Cathoven,Summer Long,Co-founder & CMO
,CC KINGDOM CORPORATE FINANCE,Simon Cheung,Director
,CCB International Asset Management,stella Wang,"HK, China (Hong Kong)"
,Centaline Investment,Joey Lo,Vice President
,Central Europe Trust,David Keresztes,Principal
,Centre for Translational Stem Cell Biology,Angel Lee,Assistant Director
,Centre for Translational Stem Cell Biology,Jessica Yu,Business Development Director
,Cesource Technical Private Limited,Chandan Kumar,CEO
,CHEC Port City Colombo,Dinuka Niwantha,Senior Manager - Business Development & Investment Promotion
,CHEC Port City Colombo,Samuel Shi,Director
,China - Bangladesh Investment and Partnership Platform,Alex Wang,Managing Director
,China Power International Holding Ltd,Bryan Tsang,Senior Advisor
,China Railway International Hong Kong limited,Xusen Wang,General Manager
,China Resources Capital,Ann Wang,Investment Manager
,China Tianying Inc. 中国天楹股份有限公司,Gloria Zhou,Public Relations Manager
,Chomp,Carla Martinesi,Founder
,Cimple Biotechnology Limited,Wengang LIU,CEO
,Citi,Haotian Zhang,VP
,Clark International Airport Corporation,Melissa Feliciano,Chief Business Officer
,Clee Capital,Chris Lee,CEO
,ClimateKick,Edoardo Francesco Sabatino,Chief Executive Officer
,ClimateKick,Edward Lam,Syndication & Distribution Lead
,Climind,Chen Yiwei,Representative
,Cloudsway,Victor Wong,Sales
,Cobblestone Capital,Lan Mi,Principal
,Coded Solution Limited,Carrie Pan,HR Head
,Coderschool,Charles Lee,Founder and CEO
,Cogo,Terry NG,"Partnership Manager, Asia"
,ColdBlock Technologies Inc,Craig West,CEO
,ColendiBank,Bulent Tekmen,Founder
,COMITIVA RESILIENTE UNIPESSOAL LDA,Jiffin Thomas Chakkalaparambil Joseph,"POVOA DE SANTA IRIA, Portugal"
,Complex Capital,Sam Kennedy,Director
,Compliance Pro Company Limited,Wai man Ng,Managing Director
,Consulate General of Myanmar in Hong Kong,Hnin Zar Hlwar,Economic Attache
,Contech Enterprises Limited,Robert Allender,Director
,COOMERA RESORT AND SUITE GOLD COAST AUSTRALIA,Miguel Chiu,CHAIR
,Copenhagen Infrastructure Partners,Emma Vase,Senior Associate
,"Cosmos International Management Co., Ltd.",Takuma Mimura,Managing Director
,creative valley,Kelly Zhang,director business development
,creditease,Ning Fan,Director
,Crewstone,John Bivins,Investor
,Crewstone International,Jane Teoh,Investor Relations
,CrimsonLogic,Cui Wei,Sales& Operation Director at CrimsonLogic
,CRYPTO PROCESSOR LABS,Djuro Bajic,CEO & Founder
,CS PROSPERITY CONSULTANCY PTE. LTD,Winnie Yeung,创始合伙人
,CUHK Innovation,Joyce Ng,"The Chinese University of Hong Kong, China (Hong Kong)"
,CUSTONOMY,Annie Hui,COO
,Cytonic,Ivan Miskovic,Founder and CEO
,D&S Resources Pty Ltd,Andres Donoso,Managing Director
,Daejoong Life Science,Seungtaek NA,Managing Partner
,Dartmouth Partners Limited,Drew Dorweiler 卓维,Managing Director
,DBS Bank(Hong Kong) limited,THAEJESHWAR SAKETHRAM,AVP - Wealth Management
,DeepTranslate Limited,Colin Hong,CEO
,DEFTA Capital Inc.,Mikio Tanji,Executive Officer
,D-Engraver Limited,Man Shing Ngai,CEO
,Dentisfy Limited,Albert Lam,CEO
,Diginex,Mark Blick,CEO
,Digital Climate Group,Guillaume Cunnington,COO
,Digital Climate Group Limited,Karolis Navickas,VP-Strategy
,Digital Districts,Eric Lee,Regional Managing Partner
,Dow Jones,Sharon Chu,Risk & Compliance Specialist Northeast Asia
,Dow Jones,Patrick Ho,Account Manager (Risk & Compliance)
,Dreame Technology,Isabella Pang,Senior Associate
,DROP System,Cathy Lai,"CEO, Co-Founder"
,Dynamic Vacuum Technology Corp.,"Angela Chiu, CFA",Co-founder
,E3A Healthcare,Bosco Yeung,Business Development Director
,E3A Healthcare,Shawn Li,CEO
,East Tide 928 (Pty) Ltd,Vincent. C Hendry,CEO
,Eastelligence,Louis Lu,"Hong Kong, China (Hong Kong)"
,Ecoinno (H.K.) Limited,George Chen,CEO
,EmergentX Technology Limited,Esme Pau,CEO
,Emme Media Group HK Limited,Gaurav Sharma,CEO
,Emnotion Ltd.,Ilya Shapira,CEO
,EmoEx Technology Limited,Will Zhang,CEO
,Empyrean Venture - Dreame Technology,Max Mao,Managing Director
,Endowus HK Limited,Gloria Chiu,"Senior Associate, Business Development and Partnerships"
,EnergyGlare,Rumen Yordanov,CEO
,enlight venture,yongmin kim,Managing partner and Founder
,Ensonic,Zhangtian Fan,Partner/CSO
,Entoptica Limited,Mukhit Kulmaganbetov,CEO
,Entoq Environmental Technologies Inc.,Ramon Atadye,Chairman
,EpiMedTech Global Ltd (previously HKG epitherapeutics Ltd),Moshe Szyf,Chairman CSO
,EQT,Queenie Wong,Director
,ESCO LIFESCIENCES GROUP,LAY YEW LIM,FOUNDER AND DIRECTOR
,ESG Development Company Limited,Veronica Hung,Chief of Engagement
,Eureka FinTech TW Limited,Hwa-Ping Chang,CEO
,Euroclear,Alexander Sulaimani,"Director, Business Development"
,Evident Limited,Florian M Spiegl,Founder & CEO
,Evident Limited,Kenneth Li,Head of Asset Servicing
,EXANTE / XHK Limited,Gigi Su,VP
,EximPe,Arjun Abraham Zacharia,CEO and Founder
,Expando®,Xavier Roso,Co-Founder & CEO
,Expertiqa Technologies Inc.,Kamyar Rouindej,Managing Director
,EXS Capital Group,Cathy Huang,Managing Director
,Fairman Consulting Limited,Neha Goenka,Head - Hong Kong Office
,FAN HUA Insurance brokers,ding dan,business director
,FCC Analytics Limited,Wai Kwong Chow,Fraud Risk & Compliance Director
,Feebris,Elina Naydenova,CEO
,Filix Medtech Limited,Wai Kong Wong,Founder & CEO
,Fill Easy Limited,Matthew Zi Jin Lee,CEO
,Filzer Health Innovations,Mandy Wong,Commercial Strategist
,Finance Advisory Board Ltd,Jean-Roch Martin,Managing Partner
,Finbot Limited,Kai Pong Tsang,Founder
,FinCatch Limited,Lok Kan Chan,Co-Founder & CEO
,Finoverse,Alison Yim,Head of Corporate Partnership
,Finoverse,Susanna Chen,"Hong Kong, China (Hong Kong)"
,Finstep Asia,Musheer Ahmed,Founder & Managing Director
,Fintica AI Ltd.,Shirley Kwong,"Managing Direct, Global Client Coverage"
,Finvolution Group,Maxine Juan,Business Development
,First Capital Asia Investment Ltd,Shing CHENG,Managing Director
,Five Peaks Capital,Yolanda Tan,Managing Director
,FJ Dynamics,Benson Dai,Sales Manager
,Flash Green,Kai Chung Ting,Manager
,Fluotech Biosciences Limited,Mohamed Elhousseini Hilal,Associate Research Scientist
,Fortunate Realty Corp,David Sun,President
,Fosun Health Capital,Laurel Zhang,Executive Director
,Fraggz.com,Eddery Chan,COO
,Full Nature Farm,Ronald Yeung,Director
,Futurism Labs,Hankun KIM,Senior Software Engineer
,FxmTrack Financials,Manoj Patel,Founder CEO
,G Capital,Tian Gan,Founder&Ceo
,Gaia,Nan Zhang,founder and CEO
,Gan&Lee Pharmaceuticals,Cheng Sun,CFO
,GBA Partners Limited,William Barkshire,Managing Partner
,GBA Youth Innovation & Entrepreneurship Foundation,Ben YIP,Director
,GDEIA,Jessie Mao,Partner
,Gense Technologies,Justin Chan,Founding CEO
,Germany Trade & Invest,Robert Herzner,Chief Representative
,Ginseng Swap,Tony Lau,"Toronto, Canada"
,Glass Ventures,Cinderella Amar,Managing Partner
,GLG,Belle G. Cooper,VP
,Goba Solutions Limited  (GoByBus.hk),Ken Yung,Chief Business Developer
,Gobi Energy Metals Corp.,Rob Cohoe,Chief Executive Officer
,Gobi Partners,Renee Pan,Managing Director
,Grandis Capital,JF Liu,Partner
,Great Power 鵬輝能源,Authur Chung,Business Development Manager
,GreatMeta Limited,Leonardo Liu,Business Manager
,Green Point Data Solutions,Tiger Yung,CEO
,Green Vigor Limited,Penney Chong,Co-founder
,Grid Biosciences,DJ Leung,CEO
,Guangdong Electronics & Information Industry Association广东省电子信息行业协会,Nikita Kwong,Commercial Director
,Guangdong Investment Limited,Sun Chen,"General Manager, Strategic Development Department"
,Guangdong Investment Limited,Huimin LI,"Hong Kong, China (Hong Kong)"
,Guangdong Tianyu Semiconductor Company Ltd,Vincent Chin,"Guangdong, China"
,"Guangzhou Hecai Network Technology Co., Ltd.  广州和财网络科技有限公司",家伟 Jiawei 叶 leaf,董事长 Chairman
,Guosen Securities,Ang Li,Manager
,Hakko Bakko,Tommy Leung,CEO
,"Hangzhou Hengke filter environment protection Co.,LTD杭州恒科环保技术有限公司",卫兵 吴,Chairman董事长
,Haptic R&D Consulting SRL,Daniel Chirtes,CEO
,HealthBridge AI,Dr Nelson Lau,CEO & CoFounder
,"Hebei Tudian Technology Co., Ltd",kan liu,managing director
,Heejung Yang,Heejung Yang,Investor
,Helios & Partners,Humphrey Ho,CEO
,Hex Trust,Marty Jetton,Advisory Board Member
,HighLight Capital,Xing (Henry) He,Senior Managing Director
,Hivemind Capital,Gigi Cho,Investment Principal
,Hivemind Capital,Gigi Cho,Investment Principal
,HK-Dtech Limited,Laurent Koehler,Co-Founder and CBDO
,HKSTP,Derek Chan,"Senior Manager, Investor Engagement"
,HNWI Private Limited,Steven Tsui,Director
,Holding HCDC,Jialin jin,Head of Partnerships
,HONG KONG ARTS INVESTMENT COMPANY LIMITED,Li Lee Chiu,CEO
,Hong Kong Chamber of Commerce (Qianhai),Charlene Huang,Assistant
,Hong Kong Science and Technology Parks Corporation,Edward Suen,Venture Fund Manager
,Hong Kong Science and Technology Parks Corporation,Cherry Chen,Manager
,Hong Kong Virtual Asset Exchange Limited,"Wai Leung, Anthony Ng",Co-Founder and CEO
,Hong Kong Youth Innovation and Entrepreneurship Association 香港青年創新創業協會有限公司,Vanessa Dang,Vice President
,HQ Capital,Shannon Liang,"Hong Kong, China (Hong Kong)"
,HSBC,Phillip BRETNALL,Head of Global Trustee and Fiduciary Services Asia Pacific
,HSBC,Dominic Chu,"Central, China (Hong Kong)"
,HSBC Private Credit,Nan Liu,"HK, China (Hong Kong)"
,Huaneng Invesco Private Equity Company Ltd.,Nan Zhao,Senior Associate
,Huaneng Invesco Private Equity Investment Management Limited,Shuangqi xu,Senior Analyst
,Huaneng-Invesco Private Equity,Ivan Lee,"Hong Kong, China (Hong Kong)"
,"Hubei Meritar Supply Chain Co.,Ltd.",David Deng,Vice President
,Hyjadechain International Green Energy Collaboration Co. Ltd.,Tony Gao,CEO
,Hylid Diagnostics Inc.,Jack Fairbank,CEO
,Hyre,Eropa Stein,CEO
,I.S. Natura (HK) Limited,Sean Chen,Director
,ICBC UBS Asset Management International,Le Zhuo,"AVP, Global Business"
,i-Cognitio Sciences,Ivan Mok,Business Development Associate
,iDeals Solutions Limited,Milu Gao,BD Manager
,Ideia Partners,JASON MARK ELVINO DE SOUSA,Managing Partner
,Ignite Partners ltd,Alex Harris,CEO
,IMS Digital Ventures,Harsha Maturu,Principal
,INCE CAPITAL,Jiao Stacy,INVESTMENT MANAGER
,Inclusive Momentum Inc,Thomas Wong,"Brampton, Canada"
,Infiniteblock,Gu-tae Jung,CEO
,Innoblock Technology Limited,Chin Fung Lam,Account Manager
,Innocorn Technology Limited,Daniel Lee,Founder
,Inovat Ltd.,Ilya Melkumov,CEO
,Inovat.tax,Sonya Baranova,"London, United Kingdom"
,Insight Capital,Billy Wong,Director
,Insight Capital,Darren Chow,Partner
,INSTO,Bruce Chen,Founder & CEO
,InsurLink Company Limited,朱 深美,总经理
,Interex Design LLC,Enkhbileg Bilegsaikhan,Founder & CEO
,International Underwriting Limited,Juntung Wu,Director
,Interomni Plus Limited,Ringo Lee,COO & co-founder
,Invest in Spain - Trade Commission of Spain,Javier Serra,Senior Trade Commissioner
,InvestHK,King Leung,"Global Head of Financial Services, Fintech & Sustainability"
,IOBC Capital,Pei Wu,General Partner
,IOSG Ventures,Gokhan Er,Managing Director
,IPV Capital,Alex Banh,Managing Director
,Islamic Banking and Finance Institute Malaysia (IBFIM),Yusry Yusoff,Chief Executive Officer
,Isola Capital,Yida Wang,Business Development
,Istanbul Financial Center,Yunus Girgin,Mar-Comm Manager
,Istimar Tech Limited (Vavita),Daniel Bronstein,CEO / Co-Founder
,IVE (Haking Wong),Brian Mok,Student (Business)
,IXON,Felix Cheung,Founder and CEO
,IXON Food,Raymond Choi,Director of Business Development and Sales - China
,J.P. Morgan,Anthea Wong,Banker
,J2X,James Li,Founder and CEO
,Jin Sui Group,Patrick Lee,Special Counsellor to the Group(Project Fund raising and International Trading)
,JS Group,Winnie Lei,"CIO, Osaka Hotels and Minpaku Investments"
,JUSTINMIND,Xavier Renom Portet,CEO
,KAYAMO,Paolo Picazo,"Chairman, Founder"
,KAYAMO,Karen Grace Singson,"CEO, Co Founder"
,Keiretsu Forum Canada,Ozan Isinak,President
,Keno Nanofiber Company Limited,Kenneth Lo,CEO/CTO
,Kilde,Radek Jezbera,CEO
,KIN Farms,Jonathan Yeoh,Co-Founder
,Kingkey Management Limited,Melbourne Cheng,Managing Director of Direct Investment Dept
,Klaara Pte Ltd,Darren Liang,Business Development Director
,KlickPoints,Matthew Wong,Founder
,KlickPoints,Chee Chun Cheung,"Hong Kong, China (Hong Kong)"
,KlickPoints,joanne Lau,"Hong Kong, China (Hong Kong)"
,Koh's Development (Hong Kong) Limited,Jeanette Guo,Founder & CEO
,Kokoxili Photonics Limited,Ke Zhang,Co-founder & CEO
,KorumLegal,Titus Rahiri,CEO & Founder
,KPMG China,Irene Chu,Partner
,"Kubota Pharmaceutical Holdings Co., Ltd.",Tadahisa Terao,Chief Strategy Officer
,KunlunChem,Fan Gao,"Budapest, Hungary"
,Kyobo Securities,Heejin Shin,Head of New Business Development - Ventures & Digital Assets
,KYUSHU ENERGY (HONG KONG) LIMITED,Jenny JING JING WU,Director
,Lanchi Ventures,Anny Luo,"Hong Kong, China (Hong Kong)"
,leviaries,浩斐 罗,"Hong Kong, Cayman Islands"
,LIBERTIFY,Florian Lang,CEO APAC
,Lighthouse Capital,Chen Charatay,Senior Director
,Liquid,Kevin Leung,Director
,Liquidity Technologies Pte. Ltd.,Monica Yuan,Head of Marketing and Partnerships
,LiveStyle852 Group Limited,Jessita Wong,財富管理
,Loeb Smith Attorneys,Christen lee,Director
,LONDON COLLEGE FOR DESIGN & FASHION,HANG HA THI,Managing Director
,LuTech,"Ray Wong, MBA, MEng",Founder
,Lystar Group,Tracy Lai,Partner
,M&A Club,Eric Cardinal,Senior Vice President
,M&A Community,Andy XU,Community Head
,M23 Fund,Yukari Endo,Fundraising
,Macquarie Capital,Marshal G,Investor
,Magellan Capital Advisors,Richard Burton,Managing Director
,MAGENTACORE,Leroy Zahid,Chief Executive Director
,Maison Meyer Limited,Chloe Cheung,Founder
,Makebell,Ronald Yu,Director
,Malaysian Takaful Association,Shazlyna binti Abdullah,Executive Secretary
,Mark Technology,samantha Wong,Business Manager
,Mark-Link Business Advisory Group Ltd.,Herrick Wong,Director
,Marktech Development,Santiago Maya,Co-Founder CEO
,MassPhoton Limited,Yitao Liao,CEO
,MB Consulting Ltd,Teresa Ng,CEO
,MCLANTIS CO LIMITED,Rong Xue,MD
,ME WORLD,Rajan Desai,Founder & CEO
,ME WORLD,MEGH DESAI,Director
,"MEA Group (MEA Aviation Solutions, MEA E-Commerce)",Rizhao （Richard) Zhu,President
,Meat the Next,Sonia Lee,Sales and Marketing Manager
,MediMe,Eli Walles,Co-founder and CEO
,Megazone Cloud Corporation,Dennis Chan,Business Development Manager
,Merger-link Consulting,Samuel WANG,Partner
,Michael Mak,Michael Mak,Digital Transformation and Digital Product Executive
,Midas Analytics Limited,Michele De Filippo,Founder
,Midwest USA Chinese Chamber of Commerce,Leo Chan,Executive Director
,MIFC Leadership Council,Herny Malek,Manager
,Milken Institute,Jason Lee,Senior Director
,Ministry of Investment of Saudi Arabia,Chunli Wang,General Manager of China Office
,MioTech,Teresa Sek,"Hong Kong, China (Hong Kong)"
,Mirae Asset,Carrie Wang,"Hong Kong, China (Hong Kong)"
,Mithera Capital,David Liu,Chairman and CEO
,ML TECH CAPITAL LLC,Helen Wu,Business Development APAC
,"Modoo Life Co.,Ltd",JUNGEUN LEE,CEO
,"Moment Studio CO.,LTD",Sungchul Shin,CEO
,Monetic Technologies Private Limited,Gaurav Bansal,"CEO, Director"
,money concepts asia holdings LTD,Denise cheung,CEO
,Moon Lab Limited,Lu Wang,Co-Founder & CFO
,Moore Transaction Services Limited,Kenneth Ma,Director
,More Classifieds Agency  Ltd,Willice Onyango,CEO
,Moriyama holdings,Simon Mok,Owner
,MOSAIK legal France,William Mak,Partner
,M-TRAVEL BUSINESS,Alexis Thierry Makazung,"yaounde, Cameroon"
,Mucker Capital,Jerry Chen,"LA, United States"
,"Nanjing IASO Biotechnology Co.,Ltd",MENGHAN LIN,board secretary/IRD
,Nations Capital,Lwazi Koyana,Managing Director
,Negawatt Utility Limited,Arthur Lam,Co-founder & CEO
,Netaxis Group Ltd,Johann Dechant,General Partner
,Neubit,Ville Lindström,Managing Director
,NeuCo Academy,Jonathan Ting,Managing Partnet
,Neuron Digital Group,David Chiu,Finance Director
,Neuron Operations Limited,Man Ho David Chiu,Director
,Newgen Venture,Andy Wong,Investment Manager
,Nexara capital,Michael Ng,MD
,Noor Ventures,Marcin Lapa 拉帕马丁,CEO
,North America Opportunities Limited partnership Fund,Keith Wong,GP
,NORTH BETA LABS,SHAODONG HUANG,Founder
,NOTA,Stan Yerovenko,CEO
,Nova Ventures,Jason Mercier,Project Manager- NovaVentures
,Nova Ventures Inc.,SYDNY PHEIFER,Partner
,Novus Life Sciences,Eugene Ho,Director of Investor Relationship
,Numbers Protocol,Chun-Che Fang,Head of Ecosystem Growth
,NUTRIGENEAI BIOTECH LIMITED,GARY NG,DIRECTOR
,Octiv  Capital,"Benedict Ho, CFA",CIO
,Octiv Capital,Calvin Lam,Co- Founder and CEO
,OKOsix Limited,Eddie Yu,Founder and CEO
,Olea Global (Hong Kong) Limited,Chris Lau,"Director, Commercial"
,Omphalos Fund,Sebastian Wozniczka,Senior Quantitative Analyst
,One Energy (HK) Limited,Kevin To,Chairman
,One Global Holding,Mohammed AlRashidi,Founder & Executive Chairman
,OneChain Ltd.,Anne Yeung,Founder & CEO
,OneCup Inc.,So Jung (Sophie) Choi,Founder & CEO
,onefi,Allen PakChing Lau,"Hong Kong, China (Hong Kong)"
,OneKey Limited,Hao Zou,COO
,On-us Company Limited,Honnus Cheung,Co-Founder & Chief Strategy Officer
,OpenGMV,DEHENG LI,Co-founder&COO
,Openpower Technology Holdings Limited,XU HONGBO,"Shenzhen,China"
,OPPO,Tao Chen,Senior Investment Manager
,Orchid Asia Group,William Chan,Managing Director
,ORDRZ,Shahzeb Rizvi,Cofounder
,Otech,Barna Neupane,Managing Director
,Otonomi Inc.,Wilfred Lau,Head of APAC
,Otoyol Yatirim ve Isletme A.S.,Murat Kosal,Deputy CFO
,PaleBlueDot.AI,Matthias Leung,VP
,Pan Ocean Advisory,Joanna LEE,Director
,PAN X CORP. dba DANSFARMAROOT,Daniel Kaye,"Founder, CEO"
,PANAMASIA Financial Services,Dominique GETREY,Managing Partner
,PandaPay Technology Limited,Wenjun Ye,CEO
,Pantheon Lab Limited,Chuk Kwan Shum,Finance Director
,Parcel365 Sdn Bhd,Eddie Mok,Director
,Pelican Capital Limited,Dave Cheung,Director - Strategic Consulting (Technology)
,Penny,Majid Aldalooj,Co-Founder
,Perennial,Henry Chan,Director
,PerksBar Limited,Jack Cheung,CEO
,PING,Tony zhang,co-founder
,PingAn,Helen Ng,BD manager
,PingAn,Helen Ng,"Hk, China (Hong Kong)"
,Pivotal Technologies Limited,"Chung Yu, Crystal Chan",Executive Assistant
,Planto,Jessica Liu,Co-Founder
,"Play for Dream （Shanghai） Technology Co.,Ltd",Cynthia Cui,Finance
,Plunkett Capital Holdings Limited,Yanan Sun,"Hong Kong, China (Hong Kong)"
,PMI,Samuel W,PMI
,PortfoPlus Limited,Colin Wong,Fouinder
,PRD Angels,Lui Tong,Chairman
,"Premier Capital Partners Co., Ltd.",Keith Beckerle,Partner
,Presidency of The Republic of Türkiye Investment Office,Ahmet Sami Yavuz,Project Manager
,Presidency of The Republic of Türkiye Investment Office,AHMET SERHAT TURAN,COUNTRY ADVISOR
,Private family office,Jasmine Yin,Private banker
,Private Office,Juan Enrique Manosalva Brun,Managing Director
,Privé Technologies,Matt Lee,Head of Hong Kong Sales
,Professional Insurance Brokers Association,Herman Cheung,Chairman
,Profit magik,은지 김,Ceo
,Propcap Technologies Limited,Louis Lee,Co-Founder & Chief Distribution Officer
,ProShalom Investments Inc,Steve Sze,President
,Prosperity7 Ventures,AYSAR TAYEB,Executive Managing Director
,PT Petronesia Energi Internasional,Helmi Maemozax,President
,Pure Harvest Smart Farms,Sky Kurtz,Co-Founder and CEO
,Pure Harvest Smart Farms,Sky Kurtz,Founder & CEO
,QBN Capital,Philea Chim,Senior VP
,"Qianxing Privilege, SCR, SA",Jennifer Lee,Partner
,Quam Plus International Financial Limited,Henry Yau,Managing Director
,QuantCube Technology,Thanh-Long Huynh,CEO
,Rainmaker Ventures Holdings,Ka Ming Andre Kwok,Founder and Director
,Rainmaker Ventures Holdings,Zoe ZHAO,Co-Founder and CEO
,RANGAR Capital Management,Bundeep Singh Rangar,CEO
,Real See International,Mark Sham,Associate
,Real See International Intelligence,Sherry Liu,Head of Corp Finance
,Real See International Intelligence Technology Company Limited,Viann Fan,Business Development
,REDangels,Antonio Negreiros Fernandes,Partner
,REFIRE,Ezra Emerson,"Group Director of Marketing, Business Development"
,Remoted,MIKA RYTKÖNEN,CHAIRMAN
,Rexville Solutions Limited,YUHUI ZHANG,Customs Clearance Specialist
,RGV GLOBAL CONSULTANCY,Abhijeet Sammi,Global codinator
,River Square Company Limited,Paris Cheng,Marketing Manager
,Rivermap Company Limited,Eddie Pong,Founder & CEO
,RMA Contracts Pte Ltd,Xueqing Yin,China Country Manager
,S T S Limited,Yen On Chia,Chairman
,Safari Asia Limited,Maxy Du,Portfolio Manager
,SAFPAC Ltd.,Shen Wang,CEO
,Saltagen Ventures,Jimmy Lai,Senior Investment Manager
,Salus Alpha Financial Services AG,Christoph Roos,CEO
,Savills Valuation and Professional Services (China) Limited,"Yue XU, CFA, FRM, MRICS, CMA",Associate Director
,Savinvest,German Yanez,Director
,SCV Research and Development Pte. Ltd.,Jasper Wong,Enterprise Sales Director
,SDT Inc.,Jiwon Yune,Founder and CEO
,Sea Oil Public Company Limited,Kosit Fuangswasdi,Director
,SecDim,Pedram Hayati,Founder and CEO
,Seed Space Venture Capital,Arthur Lo,Director and Partner
,Serendipity Strategy Ltd.,Aibo Tsai,CEO
,Sewa Limited,MAHMOOD NASIR,Director
,Seyfarth Shaw LLP,Karen Lam,Consultant
,Shanghai Beiyi industrial company,johnny wang,"Shanghai, China"
,Shanghai Industrial Holdings Ltd,Nelson Wong,Head of Investment
,shanghaifuyuan,shiqi zuo,"上海, China"
,Shanghaivest Ltd,Bruno Bensaid,Co-Founder
,Shanxi Securities International,Chris Tam,"Director, Head of Equity Capital Market"
,Shell,Alex Alinia,CIO: Data & Digital Innovations
,Shenzhen Shenzhen Caffeine Management Co.,Sophia Zurini,Business development manager
,Shenzhen United Continent Certified Tax Agent Co..Ltd.,Wei Rao,Partner
,Shinhan Bank HK GIB,cha jake,VP
,Shorooq,Bilal Baloch,Partner
,Shoucheng Holdings Limited  (00697.HK),Sam So,Vice Department Head
,Silverbear Capital Inc,Casey CHEN,ASSOCIATE DIRECTOR
,Sino Rich Securities and Futures Limited,Martin Wong,Equity Portfolio Manager
,sinova.world,QIANHAO WANG,CEO
,"SkyTread Technology Co., Ltd",Yun Peng Xie,Vice President
,"Small Ticket Co., Ltd.",Jung Eun Kim,Founder & CEO
,SmartRetail Group Limited,Adam So,Founder & CEO
,Soft Bank China Venture Capital,Jie Chen,Senior Director
,Solaires Entreprises Inc.,Fabian de la Fuente,CEO
,Staccato Consulting UK Limited,Eric Yung,Director
,Stealth Venture Capital,TW Wes,Founder
,Stellerus Technology,Jing Li,Manager
,Sterling Private Management Limited,Sofia Wang,Investment Director
,Stfalcon,Yuliia Tizhuk,BDM
,Strategic Year Holdings Limited,Conrad Tsang,Founder and Chairman
,SUNSHINE ASEAN PACIFIC PVT LTD,NIKIL KUMAR GOYAL,CEO & Chairman
,Superfund,Dalibor Ostojic,Business Development
,Sustainable Development Capital (Asia) Limited,Peter Lau,Director
,Sustainable Finance Initiative,Francesco Stadler,"Director, Impact Funds and Ventures"
,Sustainvest Technology Limited,Water Cheung,Chairman
,Swiss Capital Group,Gary Sum,Chairman
,SynerTechcare Australia Pty,Chiu Tung Gregory Cheng,CEO
,TagHive,Nishita Kumar,Product Manager
,Tamara,Mohammad Alahmadi,Chief Financial Officer
,Tanggram,Erica Xie,Co-Founder
,TARAJII INSURANCE AGENCY,NANCY AKETCH,MANAGING DIRECTOR
,TASConnect,Jasper Wong,Director Enterprise Sales
,Tau-PAM,Samuel Plagnard,Managing Partner
,TBEA International Engineering Company/TBEA Co. Ltd,Wensi Zhang,Finance and Investment Director
,TDX Strategies Ltd.,Shih-Hung Lo,CEO
,Tech Wildcatters,Ricky Tejapaibul,Managing Partner
,Techvalue International Limited,Scott Kelly,Director
,Teleos Global,Ivan Yong,"Kowloon, China (Hong Kong)"
,Tenor Green Technology (Hong Kong) Limited,Jackie Xie,Ceo
,Tese,Kuzi Charamba,Founder & CEO
,TF International Securities,Willem Bark,"Head of Middle East & Europe Coverage, Belt & Road Department"
,TF International Securities,Lawrence Tsang,Head of Belt and Road Business Development
,TF International Securities,Alex Shupletsov,Head of Emerging Markets Coverage
,TG0,Liucheng Guo,Director
,TH Capital,Yong Zhao,senior associate
,The Hong Kong Association of Family Office,Edward Sun,Executive Director
,The SILC Group,Koby Jones,CEO
,The Sovereign Group,Andy Lau,Associate Director - Business Development
,Theo Quant Limited,Jackson Wong,CEO
,ThincLab,Feng Fu,Angel Investor / ThincLab Expert
,Tier Corporation Pty Ltd,Simon Chan,Founder and CEO
,Tikehau Capital,Young Joon Moon,"Hong Kong, China (Hong Kong)"
,Tinbowah Investment (Beijing) | CAMathories® Mathematical stories from historic Cambridge,Sam YU,VP
,TMI,Richard Kong,Principal
,Token Spirits,Tommy Cheung,Cofounder and CEO
,Top Fruits Agritech (HK) Limited,Siang Yieng Tan,Director of Business Development
,Top Fruits Agritech (HK) Limited,Sue Sian Tan,Director
,TOPAZ FAMILY OFFICE,Jim Kwok,Co-founder and CEO
,TOTODI TECHNOLOGIES,yao yao,SVP
,TPMA Consulting,Billy Tam,Managing Director
,Transcend Capital Partners,Anson Chan,Investment Analyst
,Transcend Capital Partners,Rachel Cheng,"HK, China (Hong Kong)"
,Transdale Investment Corp.,John Lin,Managing Director
,TRANSPAC CAPITAL,Chengzhi HAN,VICE PRESIDENT
,Tribation SportTech Inc.,Tim (Timur) Toramanoglu,Founder/CEO
,Trinity Photonics Pty Ltd,Simon Chan,CEO
,TRIVE,Ting Yan Leck,Managing Partner
,TRUFFLE CAPITAL,Bernard-Louis Roques,CEO & Co-founder
,Trust Cards,Christopher John Burke,CEO
,TusPark Capital Management (Luxembourg) SARL,Vincent Dou,Head of Investment
,TusPark Capital Management (Luxembourg) SARL,Daniel Dexiang WANG,Managing Partner
,Ultipa Inc.,Monica Liu,Co-Founder / COO
,Una Technologies Limited,"Leo, Cheuk Yu YEUNG",Managing Director
,Unite EV,Nico Jiang,CEO
,Unsensible,Jonathan Nguyen,Founder & CEO
,URich,Anna Hyvliud,Engagement manager
,UTM Management,Kaiming Chiang,Director
,U-topia,Emmanuel Quezada,CEO
,UVECON.VC,Ivan Ivanov,Founding Partner
,Vaune Asset Facilities Management Pte Ltd,R Moses Thomas,Chairman
,VCycene,Huayi Gao,Cofounder & CTO
,VectorBuilder Inc.,Nicholas Huang,Executive President
,"Vekin (Thailand) Co., Ltd.",Chakkavat Kittivat,Head of Product Developmnent
,Velexa Ltd.,Stephany Zoo,Strategic Advisor
,VENTURA Zrt.,Miklos Horvath,Chairman
,Venturebeam,Linda Liu,Chief of Staff and Vice President
,Verge HealthTech Fund,Lincoln Heng,"Singapore, Singapore"
,Verseprop,Joel Coren,Founder & CEO
,Vine Ventures Corp,Evelyn Y.K Lee,Managing Partner
,VirgoCX Global Holdings Inc.,Peter Ip,Head of Global Marketing/Co-Head of Retail
,virtual seed global,iris wang,合伙人
,Vision Carbon Limited,Kyrie Luo,CEO
,Vision Finance International Co Ltd,Yebi Hu,Director
,Vitalerter,Miki Raviv,Founder and CEO
,VNS Capital Partners,Vincci Lo,Managing Director
,VNX S.A.,Jean Diederich,Product Management & Member of the Board
,Volta Technique,Kamyar Rouindej,CEO
,Volvo Cars Tech Fund,WEI WANG,APAC Investment Director
,W P I . GROUP,M CHUNG,PARTNER
,Waffo Group Limited,Yifei Shen,Chief Business Officer
,WAS TECH SOLUTIONS LIMITED,Ingo Hanschmann,CEO
,WastEnergy Solution LTD,Mandy Wong,Commercial Strategist
,Web3 Dev Global,Everly Cheryl Choi,Director
,WebZ Technology Limited,Anthony K C LEUNG,CTO
,WellO2 Oy,Tuomas Lilleberg,"Director, Asia"
,Wells Global,Murphy Mok,"Admiralty, China (Hong Kong)"
,West Midlands Health Tech Innovation Accelerator,Cong Sui,Consultant & Research fellow
,Whitestone Capital,Joanne Fu,Director
,Wisdom Worldwide Group,Yam Lam,Founder
,Wizpresso Limited,Calvin Cheng,Founder & CEO
,World Micro Stock Vinimay USA LLC,Pradeep Kumar Gohil,CEO/Founder
,"Wuxi Yinhzhui Technology Development Co., Ltd.",Zeyun Zhu,CEO
,Wvinery Group,Tony Wong,Director
,XDC Trade Network,Sunil Senapati,CEO
,Xeptagon HK Limited,Sapumal Ahangama,Co-Founder & Advisor
,"Xiamen Suxiang Technology Co., Ltd.",XingCheng He,Director of Government and Enterprise Business Unit
,Xiamen Zhongguo Industry Group,Jinzhong Lin,General Manager
,xinze holding,重润 周,总经理
,Yao Teng Investment Fund,Sindy Wong,Investor relations
,Yintran Group Holdings Limited,SL Robert Liu,Director
,"Yip's Chemical Co., Ltd.",Miranda Chow,Head of Corporate Development
,yiya oral group,zhoutao tan,board secretary
,Youibot Robotics,Zora Zhao,Strategy Associate
,YoujiVest Hong Kong Limited,Vivi Hu,Co-founder and CEO
,"YSpace, York University",David Kwok,Director of Entrepreneurship & Innovation
,Yunfeng Financial,Chester Yeung,Associate Director
,ZenxTag Technology Limited,Chow Tsz Wing,Director
,ZERO Biotech,Yuk Man Chan,Corporate development
,ZGC Unicorn Company Development Alliance,Mandy Wong,Advisor
,Zhongling Group Shenzhen Co,lili Zheng,"Shenzhen, China"
,Zhongling Group Shenzhen Co,Yimei Wang,ceo
,Zodia Custody Limited,Simon Bourke,APAC Institutional Business
,ZQ Capital,Michael Gibson,Vice Chairman and Chief Executive Officer
,ZTSC,xinlong xing,"Hong Kong, China (Hong Kong)"
,一三一基金管理有限公司,环宇 王,Co-Founder（联合创始人）
,七腾机器人有限公司,诗然 聂,七腾机器人董事长秘书
,三盛（深圳）投资咨询有限公司,帅营 郭,董事长
,上海相龙投资管理有限公司,可 左,总经理
,上海娟娟细流文化传播有限公司,Lizzy Lee,执行董事/总经理
,大迈国际电子商务（广州）有限公司,JIAN DE LI,总经理
,大通股权投资管理有限公司,Feng He,执行董事
,山东省欣晟农业科技有限公司,品源 黄,"济南市, China"
,山东智谷投资管理有限公司,春雨 赵,总经理
,广东正迪科技股份有限公司,建程 王,董事长
,广东粤创投资发展有限公司,达彬 连,投资总监
,广州市飞泊智能科技有限公司,藉霖 刘,CEO
,广州市宇洋信息科技有限公司,伟欣 李,项目合伙人、财务顾问
,广州市坚丽实业有限公司,苏文 杨,"广州市, China"
,广州市悦智计算机有限公司,山河 杨,经理
,广州名锐讯动信息科技有限公司,JIAJUN OU,"广州, China"
,"广州艾目易科技有限公司  Guangzhou Aimooe Technology Co., Ltd.",Xioajian Yu,CFO
,广州诚飞口腔医疗有限公司,华诚 郭,总经理
,广州粤创投资有限公司,ZHIJUN GUO,投资总监
,广西华仁医学科技集团有限公司,明轩 季,"南宁市, China"
,广西海陆空数字经济科技有限公司,吕总伟 吕,创始人董事长
,中方国信集团有限公司,中周 曲,中方国信集团有限公司董事长
,中东商旅联盟集团公司,Emily tang,management
,中关村京港澳青年创新创业中心,凯 张,常务副总经理
,中兴汽车制造有限公司,剑民 郝,董事副总裁
,中资银投集团,鹏 刘,董事长
,中國檢驗有限公司,立恆 鄭,部門總監
,中華世紀,TANLEE CHAN,CEO
,双泰影业传媒（广东）有限公司,岳林 汪,董事长
,天津广仁投资咨询有限公司,富胜 赵,"北京, China"
,天津环渤海广仁大型设备租赁市场管理有限公司,玉发 吕,"北京, China"
,世界华人企业级联合会,严 肇萍,"湛江, China"
,世界华人企业家联合会,肇萍 严,"湛江, China"
,世嘉投资有限公司,MA FUGUAGN,"香港, China (Hong Kong)"
,东方意派（天津）智能科技有限公司,斯慧 陈,"北京, China"
,北京九霄致远文化艺术有限公司,霄鹏 王,总经理
,北京中大科慧科技發展有限公司,xifeng zhao,董事長
,北京星樾管理咨询有限公司,Xing Lu,CEO
,"北京美茵朗天新能源汽车有限公司 Mainheim Motors Co., Ltd",Marvin Ma,CEO
,四川妥妥递科技有限公司,耀 姚,"成都市, China"
,四川灵乌集团文化科技有限公司,小峰 周,副总裁
,四川科道农业有限责任公司,志远 宋,创始人兼总裁
,本无网络科技有限公司,Neal niu,COO
,永春县濠烽五金有限公司,杨干 杨,董事长
,玉禾田环境发展集团股份有限公司,雷军 延,副总裁
,亚洲数据集团,靖伟 祝,"深圳, China"
,共未来集团,ZHIHUA ZHANG,董事长
,共享伟业（北京）家居科技有限公司,金霖 黄,总经理
,华港龙生物科技有限公司GREATER BAY BIOTECHNOLOGY LIMITED,Colin Ng,Founder
,同花顺软件开发有限公司,勉 陈,"深圳, China"
,同花顺智能数据（香港）有限公司,Hung Jianhong,"香港, China (Hong Kong)"
,江苏非诚勿扰资产管理有限公司,海峰 顾,总经理（创始人）
,百应科技有限公司BAIIN Technology Co. LTD,特强 肖,总裁CEO
,西安城市发展集团,强 王,深圳分中心主任
,辽宁中宏能源新材料股份有限公司,歌凝 路,董事会秘书
,抚顺海上皇宫餐饮娱乐有限公司,HAO FENG,CEO
,沈阳杉海能源科技有限公司,佳彬 王,董事长
,沪港澳（海南）投资有限公司,qiao chu,合伙人
,丽晶（广东）产业投资集团,广生 梁,"北京, China"
,杭州乐湃网络科技有限公司,ZHICHENG TANG,CEO
,杭州安步汽车科技集团有限公司,培军 徐,联合创始人、党支部书记
,東莞金益德商業有限公司,hin yeung wong,客座教授
,板石智能科技（深圳）有限公司,恒恒 程,"深圳市, China"
,武汉大通黎峰股权投资有限公司,峰 何,董事总经理
,武汉云辅材科技有限公司,丹 杨,CEO
,河北百翔化工机械有限责任公司,鸣林 王,自由职业
,运世达医疗,Chen Xiaohui,CEO assistant
,青州市亚泰农业科技有限公司,春燕 董,董事长
,青岛沃联科技信息有限公司,顺 张,总经理
,青岛海尔创业投资有限责任公司,洁 徐,"青岛市, China"
,临沂商城（香港）有限公司,永倩 郭,CEO
,前海兩儀跨境投資,SAIMAN LIU,"前海, China"
,前海恒钧信息咨询,有光 闫,合伙人
,南京抒微智能科技有限公司,Wenhua Song,General Manager/President
,济南市中财金投资集团有限公司,钰彤 王,"山东省济南市市中区, China"
,胡桃夹子（杭州）文化科技有限公司,芳芳 李,董事长
,重庆行商汇传媒科技有限公司,建华 俞,总经理
,香港汇盛集团,小颖 阎,"香港, China (Hong Kong)"
,香港齿康科技公司,秋燕 谢,CEO
,香港齿康科技有限公司 DENTAL HEALTH PREVENTION TECHNOLOGY LIMITED,秋燕 谢,"香港, China (Hong Kong)"
,香港威達滙投資管理有限公司,Bizhen Wang,Founder
,香港捷貝樂科技有限公司,林 蒙,董事
,浙江核新同花顺网络信息股份有限公司,倩倩 魏,"深圳, China"
,浙江普威新材料有限公司,如顺 袁,总经理
,海宁市紫金港生物科技有限公司,利忠 王,总经理
,海玉国际绿色能源供应链协作公司,晓森 高,CEO
,海南东方好礼供应链有限公司,力丹 许,董事长
,烟台市青年企业家商会,康 王,山东瑞瀚网络科技有限公司总经理
,能蜂（珠海横琴）能源投资有限公司,静宇 孙,副董事长
,苏州科合科技服务有限公司,和祥 王,"北京, China"
,淏方（福建）生物科技有限公司,Peter Lin,董事长
,深圳市华焰天下科技有限公司,祖发 刘,CEO
,深圳市协力文化传播有限公司,桦峰 许,"深圳市, China"
,深圳市金博会运营发展有限公司,靖华 黄,总监
,深圳星辰通用機器人科技有限公司,Eva Wang,副总经理
,深圳派尔城市科技有限公司 | Pair City,诚 罗,副总
,深圳绿色交易所有限公司,嘉霖 高,"深圳, China"
,深圳翊楠文旅科技有限公司,健楠 矫,CEO
,深圳橙鹿控股集团,科成 陈,"北京, China"
,虚拟种子资产管理有限公司,杰 李,VP
,黄山建投私募基金管理有限公司,Jun SONG,总经理
,厦门腾基生物科技有限责任公司,美景 许,总经理
,壹财投资基金有限公司,Jackie Wong,Partner
,惠州市私募基金业协会,Eileen Hu ang,秘书长
,惠裕全球家族智库,耀予 张,CEO
,湖南欣正能源有限公司,星明 任,实控人
,药捷安康（南京）科技股份有限公司,洁 冯,董事会秘书
,華榕集團有限公司,秋華 蔡,副經理
,数库科技,Lucas lu,co-ceo
,新疆禹孚生物技术股份有限公司,祖良 李,CEO
,瑞众人寿保险,晓芳 钱,金融机构
,孵化育成中心.亞洲數據集團（ADG）,恒 凌,總經理
,福建世联商务咨询有限公司,一玲 卓,副总经理
,福建哈博实业有限公司,东 陈,总监
,福建省新竹科技咨询有限公司,竹松 蔡,总经理
,肇庆市双华科技有限公司,碧华 梁,董事长
,"赛创资本（集团）有限公司【Saitron Capital (Group) Co., Ltd.】",LUO DAN,Partners of Saitron Capital
,磐美迪控股（深圳）有限公司,恒启 赵,技术交流中心助理主任
,鎧·資本｜Armor Capital,Kerina Hsiao,"台北, Taiwan"